Applicant,Reviewers,,
A B,Jennifer Jahncke,Gary Westbrook,Eric Schnell
C D,Nina Luong,Gary Westbrook,Tianyi  Mao
E F,Nina Luong,Eric Schnell,Kelly Monk
G H,Marissa Co,Henrique vonGersdorf,Kelly Monk
I J,Yessica Santana,Gary Westbrook,Henrique vonGersdorf
K L,Yessica Santana,Larry Trussell,Henrique vonGersdorf
M N,Nina Luong,Tianyi  Mao,Kevin Wright
O P,Marissa Co,Kevin Wright,Larry Trussell
Q R,Jennifer Jahncke,Eric Schnell,Kelly Monk
S T,Yessica Santana,Gary Westbrook,Kevin Wright
U V,Jennifer Jahncke,Larry Trussell,Henrique vonGersdorf
W X,Marissa Co,Tianyi  Mao,Larry Trussell
Y Z,Yessica Santana,Kevin Wright,Eric Schnell
